{
  "timestamp": "2025-12-16 15:18:29.826106",
  "config": {
    "fr_spread_entry_strong": 40,
    "fr_spread_entry_min": 30,
    "atr_percentile_max": 60,
    "atr_percentile_min": 30,
    "rsi_overbought": 65,
    "rsi_oversold": 35,
    "bb_upper_threshold": 0.85,
    "bb_lower_threshold": 0.15,
    "require_macd_confirmation": true,
    "require_overlap_session": 1,
    "min_volatility_ratio": 0.9,
    "max_volatility_ratio": 1.3,
    "max_position_size": 0.1,
    "sl_atr_multiplier": 1.2,
    "tp_atr_multiplier": 2.5,
    "trailing_stop": true,
    "trailing_activation": 1.0,
    "spread_pips": 1.5,
    "commission_per_lot": 7.0,
    "initial_balance": 10000,
    "risk_per_trade": 0.01,
    "min_bars_between_trades": 4
  },
  "pairs": [
    {
      "pair": "EURUSD",
      "total_trades": 22,
      "winning_trades": 7,
      "losing_trades": 15,
      "win_rate": 31.818181818181817,
      "gross_profit": 192.4000000000002,
      "gross_loss": 312.90000000000407,
      "net_profit": -120.50000000000384,
      "profit_factor": 0.6148929370405807,
      "avg_win": 27.485714285714316,
      "avg_loss": -20.860000000000273,
      "max_drawdown": 1.884723869514538,
      "final_balance": 9879.499999999998,
      "return_pct": -1.2050000000000183,
      "avg_pips": -4.777272727272901,
      "avg_holding_time": 3.909090909090909
    },
    {
      "pair": "GBPUSD",
      "total_trades": 28,
      "winning_trades": 9,
      "losing_trades": 19,
      "win_rate": 32.142857142857146,
      "gross_profit": 319.30000000000103,
      "gross_loss": 384.7000000000016,
      "net_profit": -65.40000000000049,
      "profit_factor": 0.8299974005718734,
      "avg_win": 35.4777777777779,
      "avg_loss": -20.247368421052716,
      "max_drawdown": 1.8508226981323241,
      "final_balance": 9934.600000000002,
      "return_pct": -0.6539999999999782,
      "avg_pips": -1.6357142857143034,
      "avg_holding_time": 8.928571428571429
    },
    {
      "pair": "USDJPY",
      "total_trades": 24,
      "winning_trades": 8,
      "losing_trades": 16,
      "win_rate": 33.33333333333333,
      "gross_profit": 38.04999999999966,
      "gross_loss": 47.24000000000014,
      "net_profit": -9.190000000000484,
      "profit_factor": 0.8054614733276789,
      "avg_win": 4.756249999999957,
      "avg_loss": -2.9525000000000095,
      "max_drawdown": 0.2949990868600973,
      "final_balance": 9990.809999999996,
      "return_pct": -0.09190000000004148,
      "avg_pips": -3.1291666666668667,
      "avg_holding_time": 5.166666666666667
    },
    {
      "pair": "USDCHF",
      "total_trades": 40,
      "winning_trades": 14,
      "losing_trades": 26,
      "win_rate": 35.0,
      "gross_profit": 371.89999999999696,
      "gross_loss": 489.0999999999984,
      "net_profit": -117.20000000000147,
      "profit_factor": 0.7603762011858479,
      "avg_win": 26.564285714285496,
      "avg_loss": -18.8115384615384,
      "max_drawdown": 1.5431822030943854,
      "final_balance": 9882.799999999994,
      "return_pct": -1.1720000000000619,
      "avg_pips": -2.230000000000036,
      "avg_holding_time": 9.5
    },
    {
      "pair": "AUDUSD",
      "total_trades": 37,
      "winning_trades": 13,
      "losing_trades": 24,
      "win_rate": 35.13513513513514,
      "gross_profit": 321.90000000000026,
      "gross_loss": 331.9000000000044,
      "net_profit": -10.000000000004082,
      "profit_factor": 0.9698704429044772,
      "avg_win": 24.761538461538482,
      "avg_loss": -13.829166666666845,
      "max_drawdown": 1.0377509397744469,
      "final_balance": 9989.999999999996,
      "return_pct": -0.1000000000000364,
      "avg_pips": 0.42972972972961887,
      "avg_holding_time": 9.378378378378379
    },
    {
      "pair": "EURJPY",
      "total_trades": 34,
      "winning_trades": 9,
      "losing_trades": 25,
      "win_rate": 26.47058823529412,
      "gross_profit": 53.120000000000196,
      "gross_loss": 75.99000000000062,
      "net_profit": -22.870000000000438,
      "profit_factor": 0.699039347282534,
      "avg_win": 5.902222222222243,
      "avg_loss": -3.0396000000000254,
      "max_drawdown": 0.3573433713154316,
      "final_balance": 9977.130000000003,
      "return_pct": -0.22869999999997165,
      "avg_pips": -6.026470588235424,
      "avg_holding_time": 9.852941176470589
    },
    {
      "pair": "GBPJPY",
      "total_trades": 27,
      "winning_trades": 9,
      "losing_trades": 18,
      "win_rate": 33.33333333333333,
      "gross_profit": 25.219999999999423,
      "gross_loss": 89.20000000000057,
      "net_profit": -63.980000000001155,
      "profit_factor": 0.28273542600896034,
      "avg_win": 2.8022222222221576,
      "avg_loss": -4.955555555555588,
      "max_drawdown": 0.6412000000000262,
      "final_balance": 9936.019999999997,
      "return_pct": -0.639800000000032,
      "avg_pips": -22.996296296296723,
      "avg_holding_time": 14.592592592592593
    },
    {
      "pair": "EURGBP",
      "total_trades": 22,
      "winning_trades": 9,
      "losing_trades": 13,
      "win_rate": 40.909090909090914,
      "gross_profit": 92.69999999999982,
      "gross_loss": 163.30000000000206,
      "net_profit": -70.60000000000221,
      "profit_factor": 0.5676668707899488,
      "avg_win": 10.29999999999998,
      "avg_loss": -12.56153846153862,
      "max_drawdown": 1.2226351923632524,
      "final_balance": 9929.4,
      "return_pct": -0.7060000000000036,
      "avg_pips": -2.5090909090910105,
      "avg_holding_time": 13.5
    }
  ],
  "summary": {
    "total_trades": 234,
    "total_profit": -479.7400000000142,
    "avg_win_rate": 33.517814988403224,
    "avg_profit_factor": 0.6912550123889876
  }
}